[{"line":1,"elements":[{"line":3,"name":"","description":"","type":"background","keyword":"Background","steps":[{"result":{"error_message":"org.openqa.selenium.TimeoutException: Expected condition failed: waiting for visibility of Proxy element for: DefaultElementLocator 'By.xpath: //div/h1[text()='Upcoming Visit']' (tried for 100 second(s) with 500 milliseconds interval)\r\n\tat org.openqa.selenium.support.ui.WebDriverWait.timeoutException(WebDriverWait.java:84)\r\n\tat org.openqa.selenium.support.ui.FluentWait.until(FluentWait.java:228)\r\n\tat com.rev.pagefactory.Waiting.Visibility(Waiting.java:27)\r\n\tat com.rev.pagefactory.ValidLoginCredentials.PatientDasboardValidation(ValidLoginCredentials.java:49)\r\n\tat testcases.Login_TestCases.PatientLogin(Login_TestCases.java:34)\r\n\tat com.rev.stepDefinitions.StepDefinition.user_login_and_and(StepDefinition.java:38)\r\n\tat ✽.User login \"patient\" and \"poojasree.k+pattwo@spritle.com\" and \"Password@123\"(file:///C:/Users/pooja/eclipse--workspace/Dx-revelia/src/test/resources/Feature/PatientForms.feature:5)\r\nCaused by: org.openqa.selenium.NoSuchElementException: no such element: Unable to locate element: {\"method\":\"xpath\",\"selector\":\"//div/h1[text()='Upcoming Visit']\"}\n  (Session info: chrome=124.0.6367.92)\nFor documentation on this error, please visit: https://www.selenium.dev/documentation/webdriver/troubleshooting/errors#no-such-element-exception\nBuild info: version: '4.18.1', revision: 'b1d3319b48'\nSystem info: os.name: 'Windows 11', os.arch: 'amd64', os.version: '10.0', java.version: '21.0.1'\nDriver info: org.openqa.selenium.chrome.ChromeDriver\nCommand: [d444b3771a5691b828b29ecad44a7092, findElement {value=//div/h1[text()='Upcoming Visit'], using=xpath}]\nCapabilities {acceptInsecureCerts: false, browserName: chrome, browserVersion: 124.0.6367.92, chrome: {chromedriverVersion: 124.0.6367.91 (51df0e5e17a8..., userDataDir: C:\\Users\\pooja\\AppData\\Loca...}, fedcm:accounts: true, goog:chromeOptions: {debuggerAddress: localhost:63736}, networkConnectionEnabled: false, pageLoadStrategy: normal, platformName: windows, proxy: Proxy(), se:cdp: ws://localhost:63736/devtoo..., se:cdpVersion: 124.0.6367.92, setWindowRect: true, strictFileInteractability: false, timeouts: {implicit: 0, pageLoad: 300000, script: 30000}, unhandledPromptBehavior: dismiss and notify, webauthn:extension:credBlob: true, webauthn:extension:largeBlob: true, webauthn:extension:minPinLength: true, webauthn:extension:prf: true, webauthn:virtualAuthenticators: true}\nSession ID: d444b3771a5691b828b29ecad44a7092\r\n\tat java.base/jdk.internal.reflect.DirectConstructorHandleAccessor.newInstance(DirectConstructorHandleAccessor.java:62)\r\n\tat java.base/java.lang.reflect.Constructor.newInstanceWithCaller(Constructor.java:502)\r\n\tat java.base/java.lang.reflect.Constructor.newInstance(Constructor.java:486)\r\n\tat org.openqa.selenium.remote.ErrorCodec.decode(ErrorCodec.java:167)\r\n\tat org.openqa.selenium.remote.codec.w3c.W3CHttpResponseCodec.decode(W3CHttpResponseCodec.java:138)\r\n\tat org.openqa.selenium.remote.codec.w3c.W3CHttpResponseCodec.decode(W3CHttpResponseCodec.java:50)\r\n\tat org.openqa.selenium.remote.HttpCommandExecutor.execute(HttpCommandExecutor.java:190)\r\n\tat org.openqa.selenium.remote.service.DriverCommandExecutor.invokeExecute(DriverCommandExecutor.java:216)\r\n\tat org.openqa.selenium.remote.service.DriverCommandExecutor.execute(DriverCommandExecutor.java:174)\r\n\tat org.openqa.selenium.remote.RemoteWebDriver.execute(RemoteWebDriver.java:519)\r\n\tat org.openqa.selenium.remote.ElementLocation$ElementFinder$2.findElement(ElementLocation.java:165)\r\n\tat org.openqa.selenium.remote.ElementLocation.findElement(ElementLocation.java:59)\r\n\tat org.openqa.selenium.remote.RemoteWebDriver.findElement(RemoteWebDriver.java:356)\r\n\tat org.openqa.selenium.remote.RemoteWebDriver.findElement(RemoteWebDriver.java:350)\r\n\tat org.openqa.selenium.support.pagefactory.DefaultElementLocator.findElement(DefaultElementLocator.java:68)\r\n\tat org.openqa.selenium.support.pagefactory.internal.LocatingElementHandler.invoke(LocatingElementHandler.java:38)\r\n\tat jdk.proxy2/jdk.proxy2.$Proxy24.isDisplayed(Unknown Source)\r\n\tat org.openqa.selenium.support.ui.ExpectedConditions.elementIfVisible(ExpectedConditions.java:304)\r\n\tat org.openqa.selenium.support.ui.ExpectedConditions$10.apply(ExpectedConditions.java:290)\r\n\tat org.openqa.selenium.support.ui.ExpectedConditions$10.apply(ExpectedConditions.java:287)\r\n\tat org.openqa.selenium.support.ui.FluentWait.until(FluentWait.java:203)\r\n\tat com.rev.pagefactory.Waiting.Visibility(Waiting.java:27)\r\n\tat com.rev.pagefactory.ValidLoginCredentials.PatientDasboardValidation(ValidLoginCredentials.java:49)\r\n\tat testcases.Login_TestCases.PatientLogin(Login_TestCases.java:34)\r\n\tat com.rev.stepDefinitions.StepDefinition.user_login_and_and(StepDefinition.java:38)\r\n\tat java.base/jdk.internal.reflect.DirectMethodHandleAccessor.invoke(DirectMethodHandleAccessor.java:103)\r\n\tat java.base/java.lang.reflect.Method.invoke(Method.java:580)\r\n\tat io.cucumber.java.Invoker.doInvoke(Invoker.java:66)\r\n\tat io.cucumber.java.Invoker.invoke(Invoker.java:24)\r\n\tat io.cucumber.java.AbstractGlueDefinition.invokeMethod(AbstractGlueDefinition.java:47)\r\n\tat io.cucumber.java.JavaStepDefinition.execute(JavaStepDefinition.java:29)\r\n\tat io.cucumber.core.runner.CoreStepDefinition.execute(CoreStepDefinition.java:66)\r\n\tat io.cucumber.core.runner.PickleStepDefinitionMatch.runStep(PickleStepDefinitionMatch.java:63)\r\n\tat io.cucumber.core.runner.ExecutionMode$1.execute(ExecutionMode.java:10)\r\n\tat io.cucumber.core.runner.TestStep.executeStep(TestStep.java:85)\r\n\tat io.cucumber.core.runner.TestStep.run(TestStep.java:57)\r\n\tat io.cucumber.core.runner.PickleStepTestStep.run(PickleStepTestStep.java:51)\r\n\tat io.cucumber.core.runner.TestCase.run(TestCase.java:84)\r\n\tat io.cucumber.core.runner.Runner.runPickle(Runner.java:75)\r\n\tat io.cucumber.junit.PickleRunners$NoStepDescriptions.lambda$run$0(PickleRunners.java:151)\r\n\tat io.cucumber.core.runtime.CucumberExecutionContext.lambda$runTestCase$5(CucumberExecutionContext.java:129)\r\n\tat io.cucumber.core.runtime.RethrowingThrowableCollector.executeAndThrow(RethrowingThrowableCollector.java:23)\r\n\tat io.cucumber.core.runtime.CucumberExecutionContext.runTestCase(CucumberExecutionContext.java:129)\r\n\tat io.cucumber.junit.PickleRunners$NoStepDescriptions.run(PickleRunners.java:148)\r\n\tat io.cucumber.junit.FeatureRunner.runChild(FeatureRunner.java:144)\r\n\tat io.cucumber.junit.FeatureRunner.runChild(FeatureRunner.java:28)\r\n\tat org.junit.runners.ParentRunner$4.run(ParentRunner.java:331)\r\n\tat org.junit.runners.ParentRunner$1.schedule(ParentRunner.java:79)\r\n\tat org.junit.runners.ParentRunner.runChildren(ParentRunner.java:329)\r\n\tat org.junit.runners.ParentRunner.access$100(ParentRunner.java:66)\r\n\tat org.junit.runners.ParentRunner$2.evaluate(ParentRunner.java:293)\r\n\tat org.junit.runners.ParentRunner$3.evaluate(ParentRunner.java:306)\r\n\tat org.junit.runners.ParentRunner.run(ParentRunner.java:413)\r\n\tat io.cucumber.junit.FeatureRunner.run(FeatureRunner.java:137)\r\n\tat io.cucumber.junit.Cucumber.runChild(Cucumber.java:196)\r\n\tat io.cucumber.junit.Cucumber.runChild(Cucumber.java:89)\r\n\tat org.junit.runners.ParentRunner$4.run(ParentRunner.java:331)\r\n\tat org.junit.runners.ParentRunner$1.schedule(ParentRunner.java:79)\r\n\tat org.junit.runners.ParentRunner.runChildren(ParentRunner.java:329)\r\n\tat org.junit.runners.ParentRunner.access$100(ParentRunner.java:66)\r\n\tat org.junit.runners.ParentRunner$2.evaluate(ParentRunner.java:293)\r\n\tat io.cucumber.junit.Cucumber$RunBeforeAllHooks.evaluate(Cucumber.java:266)\r\n\tat io.cucumber.junit.Cucumber$RunAfterAllHooks.evaluate(Cucumber.java:281)\r\n\tat io.cucumber.junit.Cucumber$StartTestRun.evaluate(Cucumber.java:233)\r\n\tat io.cucumber.junit.Cucumber$FinishTestRun.evaluate(Cucumber.java:248)\r\n\tat org.junit.runners.ParentRunner$3.evaluate(ParentRunner.java:306)\r\n\tat org.junit.runners.ParentRunner.run(ParentRunner.java:413)\r\n\tat org.junit.runner.JUnitCore.run(JUnitCore.java:137)\r\n\tat com.intellij.junit4.JUnit4IdeaTestRunner.startRunnerWithArgs(JUnit4IdeaTestRunner.java:69)\r\n\tat com.intellij.rt.junit.IdeaTestRunner$Repeater$1.execute(IdeaTestRunner.java:38)\r\n\tat com.intellij.rt.execution.junit.TestsRepeater.repeat(TestsRepeater.java:11)\r\n\tat com.intellij.rt.junit.IdeaTestRunner$Repeater.startRunnerWithArgs(IdeaTestRunner.java:35)\r\n\tat com.intellij.rt.junit.JUnitStarter.prepareStreamsAndStart(JUnitStarter.java:232)\r\n\tat com.intellij.rt.junit.JUnitStarter.main(JUnitStarter.java:55)\r\n","duration":135555447500,"status":"failed"},"line":5,"name":"User login \"patient\" and \"poojasree.k+pattwo@spritle.com\" and \"Password@123\"","match":{"arguments":[{"val":"\"patient\"","offset":11},{"val":"\"poojasree.k+pattwo@spritle.com\"","offset":25},{"val":"\"Password@123\"","offset":62}],"location":"com.rev.stepDefinitions.StepDefinition.user_login_and_and(java.lang.String,java.lang.String,java.lang.String)"},"keyword":"When "}]},{"start_timestamp":"2024-05-03T14:45:47.879Z","before":[{"result":{"duration":16004258800,"status":"passed"},"match":{"location":"com.rev.stepDefinitions.Hooks.open_browser()"}}],"line":7,"name":"Login as a patient to answer the forms.","description":"","id":"patient-forms;login-as-a-patient-to-answer-the-forms.","after":[{"result":{"status":"passed"},"match":{"location":"com.rev.stepDefinitions.Hooks.close_browser()"}}],"type":"scenario","keyword":"Scenario","steps":[{"result":{"status":"skipped"},"line":8,"name":"Answer the Forms","match":{"location":"com.rev.stepDefinitions.StepDefinition.Answer_the_forms()"},"keyword":"Given "},{"result":{"duration":1012600,"status":"skipped"},"line":9,"name":"Save Answers","match":{"location":"com.rev.stepDefinitions.StepDefinition.Save_answers()"},"keyword":"Then "},{"result":{"status":"skipped"},"line":10,"name":"Submit the forms","match":{"location":"com.rev.stepDefinitions.StepDefinition.Submit_forms()"},"keyword":"And "}]}],"name":"Patient Forms","description":"","id":"patient-forms","keyword":"Feature","uri":"file:src/test/resources/Feature/PatientForms.feature","tags":[]}]